ID,Number
Casa 1,75741
Casa 2,89475
Casa 3,18466
Casa 4,77854
Casa 5,9680
Casa 6,96712
Casa 7,22926
Casa 8,22147
Casa 9,91069
Casa 10,68177
Casa 11,71977
Casa 12,41489
Casa 13,94002
Casa 14,54273
Casa 15,44211
Casa 16,19619
Casa 17,49719
Casa 18,37026
Casa 19,400
Casa 20,62698
Casa 21,31642
Casa 22,29613
Casa 23,46367
Casa 24,84308
Casa 25,73865
Casa 26,25551
Casa 27,28478
Casa 28,55126
Casa 29,61189
Casa 30,26541
Casa 31,80545
Casa 32,56564
Casa 33,51202
Casa 34,93817
Casa 35,59296
Casa 36,32286
Casa 37,32843
Casa 38,25797
Casa 39,20155
Casa 40,41986
Casa 41,26964
Casa 42,14676
Casa 43,46204
Casa 44,79501
Casa 45,71019
Casa 46,49656
Casa 47,29307
Casa 48,39911
Casa 49,43668
Casa 50,95450
Casa 51,58714
Casa 52,22481
Casa 53,61791
Casa 54,5218
Casa 55,35008
Casa 56,76114
Casa 57,18805
Casa 58,82288
Casa 59,33511
Casa 60,27338
Casa 61,28094
Casa 62,46159
Casa 63,71007
Casa 64,98706
Casa 65,6699
Casa 66,75490
Casa 67,4379
Casa 68,39095
Casa 69,4007
Casa 70,23297
Casa 71,89588
Casa 72,45578
Casa 73,8228
Casa 74,61912
Casa 75,27051
Casa 76,52552
Casa 77,370
Casa 78,61006
Casa 79,17097
Casa 80,16892
Casa 81,18417
Casa 82,25848
Casa 83,86192
Casa 84,33476
Casa 85,52350
Casa 86,89941
Casa 87,79352
Casa 88,37020
Casa 89,62344
Casa 90,88571
Casa 91,30660
Casa 92,18244
Casa 93,9148
Casa 94,82110
Casa 95,7319
Casa 96,70633
Casa 97,16979
Casa 98,84177
Casa 99,89838
Casa 100,53278
Casa 101,23404
Casa 102,59065
Casa 103,26528
Casa 104,96681
Casa 105,98878
Casa 106,17801
Casa 107,12255
Casa 108,99472
Casa 109,92102
Casa 110,72174
Casa 111,78278
Casa 112,19732
Casa 113,7146
Casa 114,4118
Casa 115,41049
Casa 116,34976
Casa 117,98747
Casa 118,55835
Casa 119,24728
Casa 120,6143
Casa 121,16982
Casa 122,97442
Casa 123,1513
Casa 124,7658
Casa 125,49593
Casa 126,88479
Casa 127,66572
Casa 128,29878
Casa 129,66296
Casa 130,78309
Casa 131,2401
Casa 132,36802
Casa 133,59174
Casa 134,55057
Casa 135,74977
Casa 136,52249
Casa 137,94187
Casa 138,90291
Casa 139,65081
Casa 140,19898
Casa 141,42397
Casa 142,53527
Casa 143,34014
Casa 144,64287
Casa 145,29791
Casa 146,2002
Casa 147,14035
Casa 148,79181
Casa 149,64652
Casa 150,90400
Casa 151,87868
Casa 152,89470
Casa 153,4048
Casa 154,45395
Casa 155,73172
Casa 156,24831
Casa 157,99901
Casa 158,40881
Casa 159,70204
Casa 160,18993
Casa 161,73703
Casa 162,30038
Casa 163,54314
Casa 164,50655
Casa 165,40903
Casa 166,18330
Casa 167,71842
Casa 168,18224
Casa 169,61182
Casa 170,16597
Casa 171,26150
Casa 172,4583
Casa 173,73918
Casa 174,23716
Casa 175,82871
Casa 176,94947
Casa 177,67557
Casa 178,43356
Casa 179,20536
Casa 180,98638
Casa 181,47479
Casa 182,39381
Casa 183,90737
Casa 184,95681
Casa 185,93474
Casa 186,99984
Casa 187,3276
Casa 188,36310
Casa 189,49743
Casa 190,45312
Casa 191,58229
Casa 192,70959
Casa 193,90389
Casa 194,20287
Casa 195,58354
Casa 196,45665
Casa 197,76703
Casa 198,39692
Casa 199,3952
Casa 200,45848
Casa 201,55952
Casa 202,1949
Casa 203,50536
Casa 204,38902
Casa 205,85493
Casa 206,76001
Casa 207,45661
Casa 208,97548
Casa 209,38748
Casa 210,76679
Casa 211,16577
Casa 212,18023
Casa 213,70196
Casa 214,79162
Casa 215,37324
Casa 216,2561
Casa 217,51433
Casa 218,34225
Casa 219,5096
Casa 220,1394
Casa 221,96158
Casa 222,99265
Casa 223,89768
Casa 224,2687
Casa 225,42762
Casa 226,32873
Casa 227,5577
Casa 228,10007
Casa 229,11739
Casa 230,522
Casa 231,17867
Casa 232,2913
Casa 233,47409
Casa 234,8855
Casa 235,99774
Casa 236,21040
Casa 237,98687
Casa 238,19837
Casa 239,94782
Casa 240,88256
Casa 241,78416
Casa 242,43147
Casa 243,39293
Casa 244,54519
Casa 245,37871
Casa 246,75628
Casa 247,95207
Casa 248,96173
Casa 249,91972
Casa 250,3191
Casa 251,74025
Casa 252,43552
Casa 253,21731
Casa 254,92508
Casa 255,5791
Casa 256,78958
Casa 257,90191
Casa 258,87551
Casa 259,2227
Casa 260,96270
Casa 261,2263
Casa 262,30417
Casa 263,70171
Casa 264,61371
Casa 265,84199
Casa 266,69761
Casa 267,78318
Casa 268,27571
Casa 269,57171
Casa 270,59819
Casa 271,7369
Casa 272,18537
Casa 273,68678
Casa 274,58410
Casa 275,73631
Casa 276,56904
Casa 277,12340
Casa 278,32843
Casa 279,81576
Casa 280,42652
Casa 281,75740
Casa 282,7722
Casa 283,37055
Casa 284,64852
Casa 285,83980
Casa 286,47150
Casa 287,818
Casa 288,6527
Casa 289,67735
Casa 290,53472
Casa 291,40757
Casa 292,70883
Casa 293,36270
Casa 294,48473
Casa 295,89175
Casa 296,27549
Casa 297,86766
Casa 298,46872
Casa 299,42766
Casa 300,76897
Casa 301,78398
Casa 302,75815
Casa 303,1679
Casa 304,27054
Casa 305,51929
Casa 306,61763
Casa 307,76700
Casa 308,94578
Casa 309,6038
Casa 310,21991
Casa 311,80270
Casa 312,49846
Casa 313,58263
Casa 314,92481
Casa 315,40572
Casa 316,15923
Casa 317,5315
Casa 318,5634
Casa 319,58647
Casa 320,49316
Casa 321,90579
Casa 322,75859
Casa 323,66842
Casa 324,80336
Casa 325,35234
Casa 326,50496
Casa 327,8479
Casa 328,68540
Casa 329,78334
Casa 330,14241
Casa 331,28828
Casa 332,52074
Casa 333,80226
Casa 334,62129
Casa 335,99032
Casa 336,72820
Casa 337,92741
Casa 338,58869
Casa 339,17694
Casa 340,18309
Casa 341,84229
Casa 342,6497
Casa 343,4609
Casa 344,32917
Casa 345,29988
Casa 346,10707
Casa 347,95872
Casa 348,53724
Casa 349,5929
Casa 350,43508
Casa 351,7598
Casa 352,90328
Casa 353,41183
Casa 354,62801
Casa 355,8762
Casa 356,94070
Casa 357,45272
Casa 358,59805
Casa 359,71087
Casa 360,23499
Casa 361,51809
Casa 362,73277
Casa 363,24905
Casa 364,211
Casa 365,45923
Casa 366,55903
Casa 367,90756
Casa 368,47864
Casa 369,48332
Casa 370,85732
Casa 371,15999
Casa 372,86898
Casa 373,16359
Casa 374,21783
Casa 375,62261
Casa 376,51973
Casa 377,3739
Casa 378,81909
Casa 379,15389
Casa 380,58373
Casa 381,52634
Casa 382,16165
Casa 383,31229
Casa 384,36497
Casa 385,72912
Casa 386,86692
Casa 387,94163
Casa 388,18916
Casa 389,86164
Casa 390,14552
Casa 391,12312
Casa 392,41287
Casa 393,55328
Casa 394,93553
Casa 395,62724
Casa 396,16199
Casa 397,91956
Casa 398,58415
Casa 399,56038
Casa 400,3505
Casa 401,20300
Casa 402,13771
Casa 403,45441
Casa 404,59054
Casa 405,70373
Casa 406,69469
Casa 407,15738
Casa 408,6392
Casa 409,42213
Casa 410,65472
Casa 411,42545
Casa 412,21838
Casa 413,21696
Casa 414,69705
Casa 415,5868
Casa 416,45761
Casa 417,10247
Casa 418,34534
Casa 419,14564
Casa 420,59401
Casa 421,7813
Casa 422,56642
Casa 423,81367
Casa 424,24351
Casa 425,45238
Casa 426,62087
Casa 427,19800
Casa 428,85806
Casa 429,49884
Casa 430,85775
Casa 431,88579
Casa 432,64094
Casa 433,44623
Casa 434,68954
Casa 435,35218
Casa 436,77852
Casa 437,15198
Casa 438,34616
Casa 439,77985
Casa 440,31097
Casa 441,83290
Casa 442,22519
Casa 443,18902
Casa 444,60686
Casa 445,86142
Casa 446,71004
Casa 447,99684
Casa 448,27478
Casa 449,83520
Casa 450,65835
Casa 451,29112
Casa 452,54041
Casa 453,60161
Casa 454,18877
Casa 455,93509
Casa 456,54685
Casa 457,11095
Casa 458,69918
Casa 459,86957
Casa 460,14313
Casa 461,48745
Casa 462,24825
Casa 463,34985
Casa 464,8606
Casa 465,27277
Casa 466,12747
Casa 467,40654
Casa 468,74445
Casa 469,82608
Casa 470,16990
Casa 471,30681
Casa 472,63295
Casa 473,99939
Casa 474,48923
Casa 475,8073
Casa 476,89198
Casa 477,73941
Casa 478,83890
Casa 479,4951
Casa 480,10348
Casa 481,78173
Casa 482,43937
Casa 483,69398
Casa 484,96912
Casa 485,78051
Casa 486,68502
Casa 487,78757
Casa 488,92632
Casa 489,7741
Casa 490,67182
Casa 491,21903
Casa 492,61157
Casa 493,60674
Casa 494,90520
Casa 495,75284
Casa 496,88142
Casa 497,6628
Casa 498,23123
Casa 499,20355
Casa 500,36964
Casa 501,8846
Casa 502,25004
Casa 503,74632
Casa 504,66086
Casa 505,8157
Casa 506,85439
Casa 507,91100
Casa 508,93944
Casa 509,45263
Casa 510,49596
Casa 511,23648
Casa 512,78656
Casa 513,73156
Casa 514,3193
Casa 515,44026
Casa 516,39728
Casa 517,38731
Casa 518,9565
Casa 519,49426
Casa 520,34695
Casa 521,1248
Casa 522,94542
Casa 523,32839
Casa 524,88937
Casa 525,52001
Casa 526,50365
Casa 527,2314
Casa 528,83343
Casa 529,73354
Casa 530,14007
Casa 531,43038
Casa 532,82884
Casa 533,59469
Casa 534,79840
Casa 535,85673
Casa 536,22303
Casa 537,7544
Casa 538,35308
Casa 539,58713
Casa 540,91334
Casa 541,12451
Casa 542,53916
Casa 543,86244
Casa 544,16685
Casa 545,35529
Casa 546,41750
Casa 547,85669
Casa 548,29968
Casa 549,84536
Casa 550,44133
Casa 551,64066
Casa 552,59837
Casa 553,30617
Casa 554,7765
Casa 555,11547
Casa 556,29379
Casa 557,67745
Casa 558,93336
Casa 559,39462
Casa 560,7866
Casa 561,63228
Casa 562,22803
Casa 563,73820
Casa 564,57159
Casa 565,40868
Casa 566,50708
Casa 567,98949
Casa 568,18592
Casa 569,28357
Casa 570,85886
Casa 571,24659
Casa 572,10118
Casa 573,88747
Casa 574,5978
Casa 575,70381
Casa 576,92302
Casa 577,13537
Casa 578,25590
Casa 579,15628
Casa 580,19412
Casa 581,61770
Casa 582,53242
Casa 583,14977
Casa 584,53584
Casa 585,9069
Casa 586,52746
Casa 587,36764
Casa 588,74476
Casa 589,71047
Casa 590,16316
Casa 591,59564
Casa 592,49842
Casa 593,8804
Casa 594,45738
Casa 595,67879
Casa 596,25449
Casa 597,45730
Casa 598,24494
Casa 599,36340
Casa 600,22709
Casa 601,18776
Casa 602,49272
Casa 603,6605
Casa 604,5299
Casa 605,23395
Casa 606,40936
Casa 607,41906
Casa 608,5878
Casa 609,31463
Casa 610,67549
Casa 611,22131
Casa 612,16946
Casa 613,62537
Casa 614,24491
Casa 615,91955
Casa 616,99031
Casa 617,63787
Casa 618,38854
Casa 619,1479
Casa 620,24538
Casa 621,58132
Casa 622,42186
Casa 623,41095
Casa 624,52027
Casa 625,60516
Casa 626,88364
Casa 627,74256
Casa 628,47987
Casa 629,90458
Casa 630,99362
Casa 631,63282
Casa 632,19495
Casa 633,74069
Casa 634,45591
Casa 635,69441
Casa 636,2495
Casa 637,40969
Casa 638,16756
Casa 639,30804
Casa 640,8989
Casa 641,69810
Casa 642,83810
Casa 643,67102
Casa 644,49210
Casa 645,57799
Casa 646,77188
Casa 647,91231
Casa 648,66976
Casa 649,24396
Casa 650,13796
Casa 651,38600
Casa 652,65273
Casa 653,9124
Casa 654,62363
Casa 655,2315
Casa 656,34407
Casa 657,34746
Casa 658,89288
Casa 659,44125
Casa 660,24592
Casa 661,73046
Casa 662,20942
Casa 663,47483
Casa 664,5341
Casa 665,76179
Casa 666,60447
Casa 667,71386
Casa 668,97637
Casa 669,65736
Casa 670,40765
Casa 671,53939
Casa 672,12144
Casa 673,62599
Casa 674,82352
Casa 675,8573
Casa 676,27473
Casa 677,26233
Casa 678,72303
Casa 679,50359
Casa 680,95065
Casa 681,25298
Casa 682,24017
Casa 683,70920
Casa 684,69466
Casa 685,15259
Casa 686,94709
Casa 687,93211
Casa 688,25432
Casa 689,59992
Casa 690,51863
Casa 691,16413
Casa 692,90493
Casa 693,91515
Casa 694,2029
Casa 695,34327
Casa 696,60161
Casa 697,94959
Casa 698,55060
Casa 699,67008
Casa 700,30044
Casa 701,57873
Casa 702,39869
Casa 703,478
Casa 704,29815
Casa 705,17642
Casa 706,2662
Casa 707,27418
Casa 708,31116
Casa 709,22686
Casa 710,23933
Casa 711,31963
Casa 712,41615
Casa 713,1390
Casa 714,38812
Casa 715,58993
Casa 716,60729
Casa 717,55099
Casa 718,12169
Casa 719,81751
Casa 720,50766
Casa 721,37354
Casa 722,99793
Casa 723,8276
Casa 724,48876
Casa 725,24859
Casa 726,97248
Casa 727,14325
Casa 728,4770
Casa 729,26633
Casa 730,64969
Casa 731,92068
Casa 732,68313
Casa 733,44068
Casa 734,30234
Casa 735,97403
Casa 736,30047
Casa 737,83972
Casa 738,69119
Casa 739,53631
Casa 740,43364
Casa 741,38870
Casa 742,70478
Casa 743,20187
Casa 744,89997
Casa 745,3771
Casa 746,39551
Casa 747,54564
Casa 748,95981
Casa 749,67692
Casa 750,64210
Casa 751,72287
Casa 752,74694
Casa 753,31564
Casa 754,95613
Casa 755,38375
Casa 756,87322
Casa 757,84089
Casa 758,54098
Casa 759,58252
Casa 760,74798
Casa 761,81067
Casa 762,81444
Casa 763,48680
Casa 764,9237
Casa 765,34480
Casa 766,55697
Casa 767,61186
Casa 768,99244
Casa 769,47839
Casa 770,32283
Casa 771,49888
Casa 772,74253
Casa 773,2458
Casa 774,19797
Casa 775,99782
Casa 776,47647
Casa 777,43291
Casa 778,67526
Casa 779,95270
Casa 780,97531
Casa 781,79934
Casa 782,52561
Casa 783,94336
Casa 784,48689
Casa 785,50301
Casa 786,16276
Casa 787,23312
Casa 788,78422
Casa 789,41210
Casa 790,86310
Casa 791,63833
Casa 792,58495
Casa 793,39156
Casa 794,73821
Casa 795,68875
Casa 796,9138
Casa 797,60490
Casa 798,46043
Casa 799,52240
Casa 800,81319
Casa 801,84555
Casa 802,49197
Casa 803,8882
Casa 804,39383
Casa 805,92551
Casa 806,3407
Casa 807,16321
Casa 808,8366
Casa 809,29639
Casa 810,59374
Casa 811,89305
Casa 812,52345
Casa 813,78630
Casa 814,66807
Casa 815,15393
Casa 816,24354
Casa 817,79872
Casa 818,35159
Casa 819,30933
Casa 820,51134
Casa 821,93769
Casa 822,31281
Casa 823,68189
Casa 824,25820
Casa 825,28174
Casa 826,65338
Casa 827,29675
Casa 828,23415
Casa 829,96813
Casa 830,46650
Casa 831,49788
Casa 832,26426
Casa 833,44194
Casa 834,29195
Casa 835,85683
Casa 836,72359
Casa 837,87755
Casa 838,36426
Casa 839,84930
Casa 840,12402
Casa 841,95978
Casa 842,11172
Casa 843,63471
Casa 844,38243
Casa 845,3776
Casa 846,45477
Casa 847,66645
Casa 848,19704
Casa 849,60102
Casa 850,12618
Casa 851,65943
Casa 852,3928
Casa 853,66145
Casa 854,56025
Casa 855,39405
Casa 856,13409
Casa 857,18181
Casa 858,72192
Casa 859,45799
Casa 860,65532
Casa 861,72042
Casa 862,4193
Casa 863,49235
Casa 864,47100
Casa 865,25287
Casa 866,45857
Casa 867,39509
Casa 868,89520
Casa 869,11416
Casa 870,51328
Casa 871,81029
Casa 872,61863
Casa 873,84512
Casa 874,66894
Casa 875,59697
Casa 876,70434
Casa 877,72903
Casa 878,95928
Casa 879,96112
Casa 880,88572
Casa 881,21376
Casa 882,62271
Casa 883,86943
Casa 884,70261
Casa 885,56590
Casa 886,60807
Casa 887,22963
Casa 888,75123
Casa 889,36214
Casa 890,47893
Casa 891,41260
Casa 892,36950
Casa 893,95171
Casa 894,53690
Casa 895,44973
Casa 896,52616
Casa 897,41401
Casa 898,85357
Casa 899,88997
Casa 900,21695
Casa 901,30575
Casa 902,68331
Casa 903,89135
Casa 904,7545
Casa 905,45818
Casa 906,4291
Casa 907,94029
Casa 908,49572
Casa 909,96718
Casa 910,61513
Casa 911,35507
Casa 912,80326
Casa 913,30824
Casa 914,96247
Casa 915,3837
Casa 916,83841
Casa 917,85115
Casa 918,70977
Casa 919,20425
Casa 920,78352
Casa 921,93366
Casa 922,80051
Casa 923,40266
Casa 924,78237
Casa 925,7736
Casa 926,35035
Casa 927,17500
Casa 928,45488
Casa 929,33209
Casa 930,56946
Casa 931,96671
Casa 932,92758
Casa 933,91288
Casa 934,1461
Casa 935,92977
Casa 936,69690
Casa 937,7793
Casa 938,13144
Casa 939,69233
Casa 940,21360
Casa 941,39678
Casa 942,57391
Casa 943,65202
Casa 944,44460
Casa 945,1619
Casa 946,73388
Casa 947,25953
Casa 948,87788
Casa 949,17811
Casa 950,3335
Casa 951,5325
Casa 952,657
Casa 953,29370
Casa 954,49941
Casa 955,28378
Casa 956,36641
Casa 957,25978
Casa 958,40793
Casa 959,62850
Casa 960,17915
Casa 961,29035
Casa 962,86162
Casa 963,43939
Casa 964,29165
Casa 965,97842
Casa 966,67579
Casa 967,7993
Casa 968,29272
Casa 969,93915
Casa 970,92432
Casa 971,18060
Casa 972,35958
Casa 973,15666
Casa 974,97125
Casa 975,42042
Casa 976,61397
Casa 977,92978
Casa 978,86392
Casa 979,98000
Casa 980,39140
Casa 981,90770
Casa 982,18818
Casa 983,85812
Casa 984,38346
Casa 985,6023
Casa 986,73448
Casa 987,98070
Casa 988,53021
Casa 989,79744
Casa 990,68154
Casa 991,9896
Casa 992,93286
Casa 993,67403
Casa 994,24292
Casa 995,75488
Casa 996,12897
Casa 997,98893
Casa 998,59808
Casa 999,76616
Casa 1000,83316
Casa 1001,5287
Casa 1002,41434
Casa 1003,25606
Casa 1004,3694
Casa 1005,13840
Casa 1006,33440
Casa 1007,60878
Casa 1008,40513
Casa 1009,83532
Casa 1010,31556
Casa 1011,29711
Casa 1012,32196
Casa 1013,48601
Casa 1014,25472
Casa 1015,80791
Casa 1016,48244
Casa 1017,18931
Casa 1018,35287
Casa 1019,18681
Casa 1020,87751
Casa 1021,81625
Casa 1022,97598
Casa 1023,9783
Casa 1024,25763
Casa 1025,4902
Casa 1026,43638
Casa 1027,25851
Casa 1028,18718
Casa 1029,64082
Casa 1030,53789
Casa 1031,12555
Casa 1032,14573
Casa 1033,28874
Casa 1034,20999
Casa 1035,96479
Casa 1036,37183
Casa 1037,55697
Casa 1038,4321
Casa 1039,7645
Casa 1040,17797
Casa 1041,47728
Casa 1042,95477
Casa 1043,42099
Casa 1044,25743
Casa 1045,29496
Casa 1046,16235
Casa 1047,90112
Casa 1048,35182
Casa 1049,25694
Casa 1050,54704
Casa 1051,74774
Casa 1052,48991
Casa 1053,31411
Casa 1054,90160
Casa 1055,21670
Casa 1056,6934
Casa 1057,38471
Casa 1058,94289
Casa 1059,80727
Casa 1060,39333
Casa 1061,37686
Casa 1062,14063
Casa 1063,13629
Casa 1064,48464
Casa 1065,25603
Casa 1066,98949
Casa 1067,78226
Casa 1068,42660
Casa 1069,78234
Casa 1070,15636
Casa 1071,53043
Casa 1072,58281
Casa 1073,73191
Casa 1074,25830
Casa 1075,88592
Casa 1076,53749
Casa 1077,21461
Casa 1078,17549
Casa 1079,48043
Casa 1080,64914
Casa 1081,32250
Casa 1082,39373
Casa 1083,9750
Casa 1084,92031
Casa 1085,97696
Casa 1086,60755
Casa 1087,98277
Casa 1088,24434
Casa 1089,5408
Casa 1090,2048
Casa 1091,22615
Casa 1092,95570
Casa 1093,13829
Casa 1094,92674
Casa 1095,56240
Casa 1096,56246
Casa 1097,41401
Casa 1098,46643
Casa 1099,56357
Casa 1100,73080
Casa 1101,19146
Casa 1102,69378
Casa 1103,80619
Casa 1104,46260
Casa 1105,87147
Casa 1106,12220
Casa 1107,30048
Casa 1108,40698
Casa 1109,97236
Casa 1110,18768
Casa 1111,10057
Casa 1112,49710
Casa 1113,15967
Casa 1114,53268
Casa 1115,65207
Casa 1116,61976
Casa 1117,36471
Casa 1118,51584
Casa 1119,87178
Casa 1120,27063
Casa 1121,26375
Casa 1122,70143
Casa 1123,17332
Casa 1124,76759
Casa 1125,41567
Casa 1126,4429
Casa 1127,73051
Casa 1128,79272
Casa 1129,96351
Casa 1130,47526
Casa 1131,10590
Casa 1132,3776
Casa 1133,94567
Casa 1134,64406
Casa 1135,18574
Casa 1136,29629
Casa 1137,78553
Casa 1138,49940
Casa 1139,27736
Casa 1140,60082
Casa 1141,3040
Casa 1142,21449
Casa 1143,59745
Casa 1144,99483
Casa 1145,79207
Casa 1146,25455
Casa 1147,48134
Casa 1148,26187
Casa 1149,59117
Casa 1150,10637
Casa 1151,4135
Casa 1152,62574
Casa 1153,44592
Casa 1154,43914
Casa 1155,13393
Casa 1156,87587
Casa 1157,10266
Casa 1158,56539
Casa 1159,74168
Casa 1160,19220
Casa 1161,1487
Casa 1162,57419
Casa 1163,73911
Casa 1164,80753
Casa 1165,52781
Casa 1166,76066
Casa 1167,40998
Casa 1168,11379
Casa 1169,7332
Casa 1170,55791
Casa 1171,70843
Casa 1172,56831
Casa 1173,64711
Casa 1174,14474
Casa 1175,3294
Casa 1176,87258
Casa 1177,1102
Casa 1178,18450
Casa 1179,33145
Casa 1180,43465
Casa 1181,5138
Casa 1182,48860
Casa 1183,26016
Casa 1184,11443
Casa 1185,33681
Casa 1186,18921
Casa 1187,49327
Casa 1188,28040
Casa 1189,25905
Casa 1190,47780
Casa 1191,56245
Casa 1192,74430
Casa 1193,2529
Casa 1194,28281
Casa 1195,22004
Casa 1196,99020
Casa 1197,98789
Casa 1198,2068
Casa 1199,62041
Casa 1200,42746
Casa 1201,29705
Casa 1202,3318
Casa 1203,81672
Casa 1204,66076
Casa 1205,70206
Casa 1206,70812
Casa 1207,10208
Casa 1208,88500
Casa 1209,61613
Casa 1210,20620
Casa 1211,4056
Casa 1212,38698
Casa 1213,50535
Casa 1214,19218
Casa 1215,9184
Casa 1216,65597
Casa 1217,81152
Casa 1218,75429
Casa 1219,89396
Casa 1220,40533
Casa 1221,49294
Casa 1222,10024
Casa 1223,42977
Casa 1224,96757
Casa 1225,60757
Casa 1226,85369
Casa 1227,46697
Casa 1228,72086
Casa 1229,25517
Casa 1230,37444
Casa 1231,89572
Casa 1232,83450
Casa 1233,69691
Casa 1234,58513
Casa 1235,5898
Casa 1236,2911
Casa 1237,41964
Casa 1238,94361
Casa 1239,15507
Casa 1240,75471
Casa 1241,55162
Casa 1242,22207
Casa 1243,79970
Casa 1244,66038
Casa 1245,48672
Casa 1246,15451
Casa 1247,53093
Casa 1248,56875
Casa 1249,14035
Casa 1250,23386
Casa 1251,40692
Casa 1252,7138
Casa 1253,94041
Casa 1254,73424
Casa 1255,97627
Casa 1256,77916
Casa 1257,83203
Casa 1258,59665
Casa 1259,85479
Casa 1260,36790
Casa 1261,44526
Casa 1262,24395
Casa 1263,38361
Casa 1264,72148
Casa 1265,28849
Casa 1266,2039
Casa 1267,80284
Casa 1268,81339
Casa 1269,49621
Casa 1270,79444
Casa 1271,37634
Casa 1272,79686
Casa 1273,90556
Casa 1274,74685
Casa 1275,56815
Casa 1276,46467
Casa 1277,16604
Casa 1278,18918
Casa 1279,16025
Casa 1280,95463
Casa 1281,53049
Casa 1282,7631
Casa 1283,41683
Casa 1284,59683
Casa 1285,69371
Casa 1286,69910
Casa 1287,63149
Casa 1288,95033
Casa 1289,61917
Casa 1290,83211
Casa 1291,8144
Casa 1292,22458
Casa 1293,68692
Casa 1294,9859
Casa 1295,32635
Casa 1296,43213
Casa 1297,48692
Casa 1298,69793
Casa 1299,70287
Casa 1300,65550
Casa 1301,90277
Casa 1302,37156
Casa 1303,52571
Casa 1304,58339
Casa 1305,67857
Casa 1306,34617
Casa 1307,75050
Casa 1308,74903
Casa 1309,89770
Casa 1310,97752
Casa 1311,90
Casa 1312,14866
Casa 1313,28152
Casa 1314,44171
Casa 1315,95059
Casa 1316,11296
Casa 1317,12780
Casa 1318,97991
Casa 1319,87169
Casa 1320,26729
Casa 1321,11760
Casa 1322,19009
Casa 1323,95709
Casa 1324,68107
Casa 1325,34103
Casa 1326,38462
Casa 1327,33439
Casa 1328,23357
Casa 1329,79194
Casa 1330,98378
Casa 1331,77051
Casa 1332,88067
Casa 1333,16214
Casa 1334,54109
Casa 1335,22823
Casa 1336,72279
Casa 1337,8685
Casa 1338,98120
Casa 1339,7892
Casa 1340,7579
Casa 1341,70377
Casa 1342,50309
Casa 1343,98074
Casa 1344,18716
Casa 1345,62118
Casa 1346,86554
Casa 1347,23586
Casa 1348,54998
Casa 1349,78203
Casa 1350,41280
Casa 1351,77833
Casa 1352,90464
Casa 1353,10318
Casa 1354,78970
Casa 1355,50366
Casa 1356,65273
Casa 1357,74157
Casa 1358,32248
Casa 1359,72531
Casa 1360,18125
Casa 1361,15345
Casa 1362,52273
Casa 1363,27836
Casa 1364,43314
Casa 1365,69037
Casa 1366,79313
Casa 1367,28777
Casa 1368,33086
Casa 1369,14269
Casa 1370,40385
Casa 1371,83626
Casa 1372,13854
Casa 1373,33233
Casa 1374,93128
Casa 1375,42125
Casa 1376,58366
Casa 1377,25717
Casa 1378,9649
Casa 1379,87219
Casa 1380,48588
Casa 1381,12232
Casa 1382,14611
Casa 1383,65537
Casa 1384,59095
Casa 1385,94962
Casa 1386,65624
Casa 1387,10249
Casa 1388,26940
Casa 1389,51780
Casa 1390,68839
Casa 1391,38202
Casa 1392,56508
Casa 1393,81021
Casa 1394,65560
Casa 1395,45132
Casa 1396,28289
Casa 1397,5409
Casa 1398,67829
Casa 1399,97156
Casa 1400,59241
Casa 1401,24793
Casa 1402,35479
Casa 1403,13871
Casa 1404,29819
Casa 1405,19580
Casa 1406,81761
Casa 1407,68039
Casa 1408,82294
Casa 1409,13931
Casa 1410,8843
Casa 1411,61309
Casa 1412,80111
Casa 1413,17776
Casa 1414,72600
Casa 1415,3085
Casa 1416,84051
Casa 1417,33436
Casa 1418,24214
Casa 1419,67243
Casa 1420,14528
Casa 1421,27159
Casa 1422,7194
Casa 1423,66028
Casa 1424,88338
Casa 1425,58833
Casa 1426,62167
Casa 1427,55988
Casa 1428,39878
Casa 1429,19953
Casa 1430,75678
Casa 1431,43554
Casa 1432,99511
Casa 1433,65268
Casa 1434,78163
Casa 1435,37992
Casa 1436,61611
Casa 1437,37359
Casa 1438,642
Casa 1439,36247
Casa 1440,10049
Casa 1441,1066
Casa 1442,9179
Casa 1443,18396
Casa 1444,22242
Casa 1445,13716
Casa 1446,1004
Casa 1447,71383
Casa 1448,83493
Casa 1449,49390
Casa 1450,36822
Casa 1451,78817
Casa 1452,50615
Casa 1453,16160
Casa 1454,20622
Casa 1455,29997
Casa 1456,16255
Casa 1457,78079
Casa 1458,16241
Casa 1459,71543
Casa 1460,71468
Casa 1461,55125
Casa 1462,60816
Casa 1463,62590
Casa 1464,40393
Casa 1465,64750
Casa 1466,24177
Casa 1467,71965
Casa 1468,80440
Casa 1469,14555
Casa 1470,3807
Casa 1471,26283
Casa 1472,66760
Casa 1473,2121
Casa 1474,1201
Casa 1475,68475
Casa 1476,13548
Casa 1477,58201
Casa 1478,89024
Casa 1479,1830
Casa 1480,18925
Casa 1481,37954
Casa 1482,63387
Casa 1483,58766
Casa 1484,88753
Casa 1485,82978
Casa 1486,2382
Casa 1487,13036
Casa 1488,74880
Casa 1489,88369
Casa 1490,55406
Casa 1491,21613
Casa 1492,75495
Casa 1493,10217
Casa 1494,79760
Casa 1495,34034
Casa 1496,24239
Casa 1497,25206
Casa 1498,63820
Casa 1499,51179
Casa 1500,87051
Casa 1501,69825
Casa 1502,67258
Casa 1503,81056
Casa 1504,13209
Casa 1505,21998
Casa 1506,74456
Casa 1507,87036
Casa 1508,50552
Casa 1509,86183
Casa 1510,51262
Casa 1511,61755
Casa 1512,16596
Casa 1513,62519
Casa 1514,52121
Casa 1515,96842
Casa 1516,13507
Casa 1517,75962
Casa 1518,99246
Casa 1519,70523
Casa 1520,36662
Casa 1521,24933
Casa 1522,94644
Casa 1523,73656
Casa 1524,67404
Casa 1525,70162
Casa 1526,29192
Casa 1527,885
Casa 1528,57253
Casa 1529,9843
Casa 1530,9761
Casa 1531,97877
Casa 1532,31965
Casa 1533,69420
Casa 1534,48727
Casa 1535,64020
Casa 1536,77668
Casa 1537,88802
Casa 1538,59584
Casa 1539,59899
Casa 1540,6187
Casa 1541,16904
Casa 1542,88842
Casa 1543,27651
Casa 1544,21181
Casa 1545,53309
Casa 1546,52288
Casa 1547,63087
Casa 1548,46502
Casa 1549,909
Casa 1550,4848
Casa 1551,52260
Casa 1552,85961
Casa 1553,533
Casa 1554,82511
Casa 1555,91745
Casa 1556,25463
Casa 1557,2867
Casa 1558,59465
Casa 1559,89163
Casa 1560,62718
Casa 1561,43686
Casa 1562,97017
Casa 1563,43531
Casa 1564,9338
Casa 1565,558
Casa 1566,25909
Casa 1567,86880
Casa 1568,31608
Casa 1569,78088
Casa 1570,35213
Casa 1571,4635
Casa 1572,78293
Casa 1573,84257
Casa 1574,44167
Casa 1575,69861
Casa 1576,90993
Casa 1577,83193
Casa 1578,57772
Casa 1579,33568
Casa 1580,40599
Casa 1581,12563
Casa 1582,71946
Casa 1583,6165
Casa 1584,12260
Casa 1585,16611
Casa 1586,43121
Casa 1587,5553
Casa 1588,3644
Casa 1589,96863
Casa 1590,52037
Casa 1591,86728
Casa 1592,89044
Casa 1593,54712
Casa 1594,8974
Casa 1595,29777
Casa 1596,86227
Casa 1597,6517
Casa 1598,59445
Casa 1599,43938
Casa 1600,52167
Casa 1601,38844
Casa 1602,360
Casa 1603,7845
Casa 1604,52975
Casa 1605,43405
Casa 1606,26065
Casa 1607,19925
Casa 1608,63842
Casa 1609,21137
Casa 1610,9217
Casa 1611,16301
Casa 1612,2614
Casa 1613,88918
Casa 1614,68877
Casa 1615,41646
Casa 1616,97501
Casa 1617,68548
Casa 1618,67780
Casa 1619,94214
Casa 1620,60611
Casa 1621,69029
Casa 1622,38438
Casa 1623,97543
Casa 1624,42093
Casa 1625,47895
Casa 1626,33436
Casa 1627,13187
Casa 1628,49682
Casa 1629,70017
Casa 1630,58138
Casa 1631,76926
Casa 1632,7874
Casa 1633,89578
Casa 1634,35122
Casa 1635,19798
Casa 1636,88188
Casa 1637,4131
Casa 1638,48344
Casa 1639,97979
Casa 1640,46508
Casa 1641,53981
Casa 1642,5600
Casa 1643,65998
Casa 1644,37407
Casa 1645,4032
Casa 1646,44915
Casa 1647,20817
Casa 1648,47688
Casa 1649,67045
Casa 1650,46799
Casa 1651,172
Casa 1652,84103
Casa 1653,8699
Casa 1654,22289
Casa 1655,83525
Casa 1656,98208
Casa 1657,51000
Casa 1658,68096
Casa 1659,66060
Casa 1660,76458
Casa 1661,85449
Casa 1662,83458
Casa 1663,97347
Casa 1664,25398
Casa 1665,5844
Casa 1666,23624
Casa 1667,92891
Casa 1668,86811
Casa 1669,29380
Casa 1670,77687
Casa 1671,17600
Casa 1672,45211
Casa 1673,80655
Casa 1674,31226
Casa 1675,52797
Casa 1676,12726
Casa 1677,47984
Casa 1678,66584
Casa 1679,39783
Casa 1680,99240
Casa 1681,16090
Casa 1682,39040
Casa 1683,53805
Casa 1684,80598
Casa 1685,24036
Casa 1686,17957
Casa 1687,95250
Casa 1688,30299
Casa 1689,29107
Casa 1690,46401
Casa 1691,5253
Casa 1692,73702
Casa 1693,32985
Casa 1694,19173
Casa 1695,66468
Casa 1696,13939
Casa 1697,57285
Casa 1698,35376
Casa 1699,81140
Casa 1700,43313
Casa 1701,11263
Casa 1702,36856
Casa 1703,90164
Casa 1704,52125
Casa 1705,66583
Casa 1706,71140
Casa 1707,84556
Casa 1708,27370
Casa 1709,42117
Casa 1710,88979
Casa 1711,82624
Casa 1712,52337
Casa 1713,99157
Casa 1714,48725
Casa 1715,54790
Casa 1716,3231
Casa 1717,25660
Casa 1718,89979
Casa 1719,15377
Casa 1720,75831
Casa 1721,54030
Casa 1722,50396
Casa 1723,98099
Casa 1724,63111
Casa 1725,20827
Casa 1726,54721
Casa 1727,31191
Casa 1728,17832
Casa 1729,30275
Casa 1730,60253
Casa 1731,41636
Casa 1732,22446
Casa 1733,59299
Casa 1734,27489
Casa 1735,55299
Casa 1736,37345
Casa 1737,41950
Casa 1738,66139
Casa 1739,92081
Casa 1740,85380
Casa 1741,48170
Casa 1742,87433
Casa 1743,68376
Casa 1744,4804
Casa 1745,44062
Casa 1746,93335
Casa 1747,29133
Casa 1748,79009
Casa 1749,26341
Casa 1750,58933
Casa 1751,78922
Casa 1752,45193
Casa 1753,26604
Casa 1754,81631
Casa 1755,65872
Casa 1756,88308
Casa 1757,58902
Casa 1758,7590
Casa 1759,26684
Casa 1760,44625
Casa 1761,8109
Casa 1762,60509
Casa 1763,49135
Casa 1764,77421
Casa 1765,56540
Casa 1766,96612
Casa 1767,92812
Casa 1768,43107
Casa 1769,98087
Casa 1770,61555
Casa 1771,92815
Casa 1772,11816
Casa 1773,66227
Casa 1774,79779
Casa 1775,62148
Casa 1776,14371
Casa 1777,17467
Casa 1778,65477
Casa 1779,47739
Casa 1780,44100
Casa 1781,85652
Casa 1782,62733
Casa 1783,12531
Casa 1784,96367
Casa 1785,48022
Casa 1786,46358
Casa 1787,27037
Casa 1788,15707
Casa 1789,10179
Casa 1790,48068
Casa 1791,9042
Casa 1792,15785
Casa 1793,23026
Casa 1794,24082
Casa 1795,39380
Casa 1796,47115
Casa 1797,64981
Casa 1798,72182
Casa 1799,4105
Casa 1800,63704
Casa 1801,59072
Casa 1802,54101
Casa 1803,91648
Casa 1804,86857
Casa 1805,50742
Casa 1806,51960
Casa 1807,78431
Casa 1808,52745
Casa 1809,32087
Casa 1810,33044
Casa 1811,84395
Casa 1812,84853
Casa 1813,21853
Casa 1814,93323
Casa 1815,3287
Casa 1816,15483
Casa 1817,19339
Casa 1818,83420
Casa 1819,44135
Casa 1820,66083
Casa 1821,81453
Casa 1822,1758
Casa 1823,46686
Casa 1824,40659
Casa 1825,46734
Casa 1826,27464
Casa 1827,36053
Casa 1828,30591
Casa 1829,98525
Casa 1830,20722
Casa 1831,88194
Casa 1832,32464
Casa 1833,93294
Casa 1834,82496
Casa 1835,55965
Casa 1836,53500
Casa 1837,4355
Casa 1838,22861
Casa 1839,26201
Casa 1840,38047
Casa 1841,14830
Casa 1842,41524
Casa 1843,57527
Casa 1844,80821
Casa 1845,5961
Casa 1846,68153
Casa 1847,8440
Casa 1848,74807
Casa 1849,32193
Casa 1850,18479
Casa 1851,46676
Casa 1852,78102
Casa 1853,54086
Casa 1854,48679
Casa 1855,94905
Casa 1856,72112
Casa 1857,60276
Casa 1858,93827
Casa 1859,20534
Casa 1860,31298
Casa 1861,42382
Casa 1862,57444
Casa 1863,22013
Casa 1864,375
Casa 1865,10254
Casa 1866,60705
Casa 1867,5704
Casa 1868,64592
Casa 1869,25243
Casa 1870,2871
Casa 1871,421
Casa 1872,31283
Casa 1873,28935
Casa 1874,81894
Casa 1875,89420
Casa 1876,72841
Casa 1877,51127
Casa 1878,5001
Casa 1879,42202
Casa 1880,42301
Casa 1881,33530
Casa 1882,58700
Casa 1883,11830
Casa 1884,61766
Casa 1885,19626
Casa 1886,96797
Casa 1887,29275
Casa 1888,35141
Casa 1889,82003
Casa 1890,82877
Casa 1891,35169
Casa 1892,93718
Casa 1893,68263
Casa 1894,78479
Casa 1895,64752
Casa 1896,28334
Casa 1897,57017
Casa 1898,27349
Casa 1899,98282
Casa 1900,77016
Casa 1901,42536
Casa 1902,35395
Casa 1903,15134
Casa 1904,9709
Casa 1905,67042
Casa 1906,98869
Casa 1907,47558
Casa 1908,28337
Casa 1909,25858
Casa 1910,769
Casa 1911,71726
Casa 1912,43856
Casa 1913,97190
Casa 1914,27521
Casa 1915,75911
Casa 1916,6898
Casa 1917,33152
Casa 1918,66432
Casa 1919,66368
Casa 1920,80255
Casa 1921,93844
Casa 1922,53300
Casa 1923,79619
Casa 1924,78476
Casa 1925,15832
Casa 1926,79928
Casa 1927,55993
Casa 1928,14670
Casa 1929,81651
Casa 1930,4144
Casa 1931,78237
Casa 1932,27544
Casa 1933,21154
Casa 1934,73634
Casa 1935,97986
Casa 1936,60751
Casa 1937,25381
Casa 1938,99418
Casa 1939,86841
Casa 1940,17884
Casa 1941,19864
Casa 1942,66599
Casa 1943,43881
Casa 1944,99982
Casa 1945,13432
Casa 1946,85837
Casa 1947,64099
Casa 1948,12341
Casa 1949,174
Casa 1950,69750
Casa 1951,7507
Casa 1952,81764
Casa 1953,61686
Casa 1954,33942
Casa 1955,11569
Casa 1956,4031
Casa 1957,86232
Casa 1958,70534
Casa 1959,73372
Casa 1960,27842
Casa 1961,26478
Casa 1962,94220
Casa 1963,69029
Casa 1964,14689
Casa 1965,2227
Casa 1966,65610
Casa 1967,24552
Casa 1968,69970
Casa 1969,97310
Casa 1970,86347
Casa 1971,8256
Casa 1972,79202
Casa 1973,12967
Casa 1974,38389
Casa 1975,30907
Casa 1976,81364
Casa 1977,47575
Casa 1978,30178
Casa 1979,3273
Casa 1980,54172
Casa 1981,79940
Casa 1982,64295
Casa 1983,23852
Casa 1984,98684
Casa 1985,30420
Casa 1986,39406
Casa 1987,95704
Casa 1988,63987
Casa 1989,53686
Casa 1990,94612
Casa 1991,52109
Casa 1992,57574
Casa 1993,70201
Casa 1994,61991
Casa 1995,49920
Casa 1996,87395
Casa 1997,76721
Casa 1998,60071
Casa 1999,20405
Casa 2000,27362
Casa 2001,16166
Casa 2002,87485
Casa 2003,86
Casa 2004,12105
Casa 2005,72114
Casa 2006,71760
Casa 2007,95219
Casa 2008,49373
Casa 2009,11736
Casa 2010,77244
Casa 2011,48796
Casa 2012,89601
Casa 2013,95683
Casa 2014,52717
Casa 2015,54849
Casa 2016,78789
Casa 2017,58265
Casa 2018,81633
Casa 2019,32565
Casa 2020,98945
Casa 2021,98301
Casa 2022,51416
Casa 2023,93186
Casa 2024,85341
Casa 2025,16970
Casa 2026,96794
Casa 2027,61995
Casa 2028,42133
Casa 2029,17827
Casa 2030,85155
Casa 2031,26352
Casa 2032,47832
Casa 2033,25812
Casa 2034,35321
Casa 2035,21177
Casa 2036,7145
Casa 2037,23070
Casa 2038,85902
Casa 2039,56901
Casa 2040,66435
Casa 2041,1184
Casa 2042,22483
Casa 2043,44288
Casa 2044,23655
Casa 2045,71827
Casa 2046,33633
Casa 2047,93403
Casa 2048,98258
Casa 2049,86437
Casa 2050,136
Casa 2051,8350
Casa 2052,52336
Casa 2053,52694
Casa 2054,92705
Casa 2055,78118
Casa 2056,51439
Casa 2057,53985
Casa 2058,39755
Casa 2059,23890
Casa 2060,84672
Casa 2061,81990
Casa 2062,99560
Casa 2063,43552
Casa 2064,35370
Casa 2065,41845
Casa 2066,97469
Casa 2067,23085
Casa 2068,92383
Casa 2069,28640
Casa 2070,25500
Casa 2071,87770
Casa 2072,81839
Casa 2073,35727
Casa 2074,91153
Casa 2075,25295
Casa 2076,78825
Casa 2077,66424
Casa 2078,75791
Casa 2079,95539
Casa 2080,46688
Casa 2081,93585
Casa 2082,4342
Casa 2083,57528
Casa 2084,73054
Casa 2085,31561
Casa 2086,65231
Casa 2087,3799
Casa 2088,93117
Casa 2089,51072
Casa 2090,61061
Casa 2091,26014
Casa 2092,5262
Casa 2093,69494
Casa 2094,56210
Casa 2095,26369
Casa 2096,30737
Casa 2097,18932
Casa 2098,67583
Casa 2099,23934
Casa 2100,66105
Casa 2101,85102
Casa 2102,26179
Casa 2103,26392
Casa 2104,97895
Casa 2105,72361
Casa 2106,97315
Casa 2107,88265
Casa 2108,10814
Casa 2109,57118
Casa 2110,2986
Casa 2111,11661
Casa 2112,20107
Casa 2113,39995
Casa 2114,97148
Casa 2115,44192
Casa 2116,69606
Casa 2117,26482
Casa 2118,13898
Casa 2119,67300
Casa 2120,1081
Casa 2121,88805
Casa 2122,25950
Casa 2123,53248
Casa 2124,53759
Casa 2125,50704
Casa 2126,92573
Casa 2127,26860
Casa 2128,69043
Casa 2129,12739
Casa 2130,78239
Casa 2131,81887
Casa 2132,18272
Casa 2133,78148
Casa 2134,17443
Casa 2135,39814
Casa 2136,26111
Casa 2137,31691
Casa 2138,16615
Casa 2139,37728
Casa 2140,61181
Casa 2141,31786
Casa 2142,23404
Casa 2143,86284
Casa 2144,62300
Casa 2145,99768
Casa 2146,69220
Casa 2147,22783
Casa 2148,59575
Casa 2149,51622
Casa 2150,11631
Casa 2151,6053
Casa 2152,29357
Casa 2153,34657
Casa 2154,21133
Casa 2155,25203
Casa 2156,59232
Casa 2157,58530
Casa 2158,42690
Casa 2159,53672
Casa 2160,94230
Casa 2161,4163
Casa 2162,4684
Casa 2163,24277
Casa 2164,41053
Casa 2165,45495
Casa 2166,76935
Casa 2167,67978
Casa 2168,35148
Casa 2169,61999
Casa 2170,70795
Casa 2171,53508
Casa 2172,87720
Casa 2173,44103
Casa 2174,51729
Casa 2175,27047
Casa 2176,36761
Casa 2177,7762
Casa 2178,29746
Casa 2179,66959
Casa 2180,36852
Casa 2181,10131
Casa 2182,52563
Casa 2183,9092
Casa 2184,60155
Casa 2185,44275
Casa 2186,31834
Casa 2187,74361
Casa 2188,70006
Casa 2189,78165
Casa 2190,76182
Casa 2191,21387
Casa 2192,74612
Casa 2193,82769
Casa 2194,18463
Casa 2195,48829
Casa 2196,95482
Casa 2197,62056
Casa 2198,54022
Casa 2199,34249
Casa 2200,29804
Casa 2201,14783
Casa 2202,89724
Casa 2203,10922
Casa 2204,93264
Casa 2205,97785
Casa 2206,86546
Casa 2207,20214
Casa 2208,98420
Casa 2209,24761
Casa 2210,92039
Casa 2211,61819
Casa 2212,87119
Casa 2213,17682
Casa 2214,81446
Casa 2215,7153
Casa 2216,85897
Casa 2217,24554
Casa 2218,37985
Casa 2219,33090
Casa 2220,11589
Casa 2221,56397
Casa 2222,52570
Casa 2223,97234
Casa 2224,66864
Casa 2225,24355
Casa 2226,70514
Casa 2227,20212
Casa 2228,54058
Casa 2229,142
Casa 2230,31111
Casa 2231,79446
Casa 2232,67239
Casa 2233,89238
Casa 2234,66772
Casa 2235,26253
Casa 2236,59649
Casa 2237,82350
Casa 2238,73585
Casa 2239,8274
Casa 2240,79099
Casa 2241,21449
Casa 2242,36385
Casa 2243,32957
Casa 2244,46587
Casa 2245,75088
Casa 2246,7005
Casa 2247,55833
Casa 2248,10584
Casa 2249,10510
Casa 2250,49629
Casa 2251,26182
Casa 2252,6356
Casa 2253,20323
Casa 2254,38927
Casa 2255,25898
Casa 2256,52129
Casa 2257,1246
Casa 2258,9288
Casa 2259,99478
Casa 2260,70782
Casa 2261,22055
Casa 2262,22714
Casa 2263,51962
Casa 2264,86001
Casa 2265,15190
Casa 2266,58270
Casa 2267,10440
Casa 2268,86473
Casa 2269,70860
Casa 2270,43759
Casa 2271,44026
Casa 2272,73086
Casa 2273,99238
Casa 2274,22027
Casa 2275,18908
Casa 2276,76389
Casa 2277,31940
Casa 2278,31757
Casa 2279,3564
Casa 2280,89644
Casa 2281,36754
Casa 2282,48335
Casa 2283,31265
Casa 2284,27319
Casa 2285,57435
Casa 2286,33610
Casa 2287,51054
Casa 2288,86582
Casa 2289,48488
Casa 2290,43373
Casa 2291,86160
Casa 2292,22981
Casa 2293,76211
Casa 2294,67797
Casa 2295,18398
Casa 2296,96478
Casa 2297,95935
Casa 2298,25753
Casa 2299,76458
Casa 2300,96887
Casa 2301,88565
Casa 2302,59528
Casa 2303,69160
Casa 2304,70949
Casa 2305,19120
Casa 2306,73653
Casa 2307,64105
Casa 2308,28448
Casa 2309,64258
Casa 2310,13935
Casa 2311,55447
Casa 2312,62425
Casa 2313,20815
Casa 2314,49653
Casa 2315,68091
Casa 2316,74287
Casa 2317,74585
Casa 2318,88174
Casa 2319,79719
Casa 2320,47924
Casa 2321,38237
Casa 2322,42559
Casa 2323,69694
Casa 2324,38599
Casa 2325,33675
Casa 2326,62287
Casa 2327,14326
Casa 2328,54287
Casa 2329,63269
Casa 2330,65276
Casa 2331,40886
Casa 2332,21730
Casa 2333,64021
Casa 2334,12200
Casa 2335,90188
Casa 2336,43532
Casa 2337,39341
Casa 2338,84928
Casa 2339,2860
Casa 2340,87940
Casa 2341,18565
Casa 2342,41969
Casa 2343,40980
Casa 2344,29346
Casa 2345,15298
Casa 2346,19632
Casa 2347,57150
Casa 2348,3119
Casa 2349,42614
Casa 2350,29645
Casa 2351,70039
Casa 2352,32274
Casa 2353,76465
Casa 2354,90832
Casa 2355,84699
Casa 2356,25927
Casa 2357,51476
Casa 2358,83185
Casa 2359,42502
Casa 2360,26466
Casa 2361,72223
Casa 2362,62234
Casa 2363,39000
Casa 2364,5925
Casa 2365,94708
Casa 2366,6771
Casa 2367,57029
Casa 2368,63438
Casa 2369,41927
Casa 2370,30000
Casa 2371,17014
Casa 2372,69152
Casa 2373,91748
Casa 2374,42012
Casa 2375,50896
Casa 2376,4828
Casa 2377,54872
Casa 2378,13545
Casa 2379,84551
Casa 2380,84317
Casa 2381,13615
Casa 2382,26347
Casa 2383,54958
Casa 2384,23532
Casa 2385,19941
Casa 2386,41315
Casa 2387,57346
Casa 2388,253
Casa 2389,95485
Casa 2390,88693
Casa 2391,3114
Casa 2392,57414
Casa 2393,64143
Casa 2394,9191
Casa 2395,68287
Casa 2396,16772
Casa 2397,20513
Casa 2398,16706
Casa 2399,29098
Casa 2400,5082
Casa 2401,46554
Casa 2402,44935
Casa 2403,88977
Casa 2404,61745
Casa 2405,38393
Casa 2406,62642
Casa 2407,25231
Casa 2408,21153
Casa 2409,46200
Casa 2410,51953
Casa 2411,6767
Casa 2412,4826
Casa 2413,1748
Casa 2414,5380
Casa 2415,89792
Casa 2416,50214
Casa 2417,8728
Casa 2418,57068
Casa 2419,66204
Casa 2420,40481
Casa 2421,19125
Casa 2422,33221
Casa 2423,35355
Casa 2424,90696
Casa 2425,24368
Casa 2426,40202
Casa 2427,17283
Casa 2428,88244
Casa 2429,64702
Casa 2430,26423
Casa 2431,19734
Casa 2432,94087
Casa 2433,17341
Casa 2434,75516
Casa 2435,71059
Casa 2436,4937
Casa 2437,55765
Casa 2438,65400
Casa 2439,35474
Casa 2440,35289
Casa 2441,67785
Casa 2442,80625
Casa 2443,58974
Casa 2444,99098
Casa 2445,13807
Casa 2446,1274
Casa 2447,12050
Casa 2448,31055
Casa 2449,79985
Casa 2450,12940
Casa 2451,34563
Casa 2452,2517
Casa 2453,4531
Casa 2454,70280
Casa 2455,89820
Casa 2456,92546
Casa 2457,25835
Casa 2458,59480
Casa 2459,15039
Casa 2460,28686
Casa 2461,52309
Casa 2462,37435
Casa 2463,21615
Casa 2464,85589
Casa 2465,7548
Casa 2466,49993
Casa 2467,14816
Casa 2468,72976
Casa 2469,37933
Casa 2470,76925
Casa 2471,77771
Casa 2472,6864
Casa 2473,32152
Casa 2474,16933
Casa 2475,83480
Casa 2476,34253
Casa 2477,53288
Casa 2478,95231
Casa 2479,16511
Casa 2480,25142
Casa 2481,66435
Casa 2482,85440
Casa 2483,1833
Casa 2484,77518
Casa 2485,82305
Casa 2486,24343
Casa 2487,79043
Casa 2488,16364
Casa 2489,49331
Casa 2490,53167
Casa 2491,93761
Casa 2492,69441
Casa 2493,46215
Casa 2494,73612
Casa 2495,93713
Casa 2496,94270
Casa 2497,7034
Casa 2498,83269
Casa 2499,93391
Casa 2500,89599
Casa 2501,960
Casa 2502,88333
Casa 2503,17997
Casa 2504,2304
Casa 2505,18529
Casa 2506,78314
Casa 2507,49340
Casa 2508,15446
Casa 2509,98688
Casa 2510,33562
Casa 2511,75338
Casa 2512,98918
Casa 2513,52691
Casa 2514,72003
Casa 2515,41155
Casa 2516,86597
Casa 2517,23640
Casa 2518,7866
Casa 2519,36769
Casa 2520,94416
Casa 2521,12432
Casa 2522,27706
Casa 2523,5066
Casa 2524,23435
Casa 2525,27899
Casa 2526,3138
Casa 2527,68754
Casa 2528,65532
Casa 2529,50698
Casa 2530,18240
Casa 2531,46593
Casa 2532,62270
Casa 2533,5055
Casa 2534,46090
Casa 2535,47869
Casa 2536,30044
Casa 2537,42055
Casa 2538,70198
Casa 2539,96918
Casa 2540,65372
Casa 2541,84564
Casa 2542,6936
Casa 2543,87825
Casa 2544,51363
Casa 2545,73306
Casa 2546,69880
Casa 2547,45099
Casa 2548,35306
Casa 2549,49604
Casa 2550,47234
Casa 2551,29027
Casa 2552,40148
Casa 2553,59733
Casa 2554,47549
Casa 2555,79632
Casa 2556,3572
Casa 2557,40738
Casa 2558,15109
Casa 2559,93585
Casa 2560,99554
Casa 2561,82821
Casa 2562,33462
Casa 2563,29839
Casa 2564,24145
Casa 2565,5510
Casa 2566,26386
Casa 2567,91177
Casa 2568,6869
Casa 2569,82173
Casa 2570,90854
Casa 2571,1739
Casa 2572,28529
Casa 2573,41248
Casa 2574,48479
Casa 2575,87745
Casa 2576,61517
Casa 2577,18680
Casa 2578,70123
Casa 2579,15493
Casa 2580,11500
Casa 2581,95974
Casa 2582,77387
Casa 2583,51353
Casa 2584,63275
Casa 2585,59032
Casa 2586,10584
Casa 2587,78316
Casa 2588,68548
Casa 2589,54549
Casa 2590,70683
Casa 2591,94951
Casa 2592,60124
Casa 2593,28853
Casa 2594,13884
Casa 2595,36292
Casa 2596,80059
Casa 2597,1738
Casa 2598,35926
Casa 2599,89331
Casa 2600,30514
Casa 2601,80084
Casa 2602,8821
Casa 2603,57298
Casa 2604,66974
Casa 2605,94519
Casa 2606,69387
Casa 2607,96844
Casa 2608,13791
Casa 2609,46183
Casa 2610,14143
Casa 2611,87984
Casa 2612,93673
Casa 2613,64619
Casa 2614,68486
Casa 2615,14445
Casa 2616,38492
Casa 2617,56488
Casa 2618,40344
Casa 2619,88485
Casa 2620,22744
Casa 2621,52579
Casa 2622,11957
Casa 2623,56500
Casa 2624,30563
Casa 2625,52083
Casa 2626,78615
Casa 2627,63878
Casa 2628,78967
Casa 2629,23644
Casa 2630,76640
Casa 2631,65933
Casa 2632,95000
Casa 2633,35055
Casa 2634,27542
Casa 2635,76008
Casa 2636,11285
Casa 2637,76529
Casa 2638,14859
Casa 2639,53931
Casa 2640,5788
Casa 2641,7247
Casa 2642,88307
Casa 2643,26588
Casa 2644,33714
Casa 2645,8124
Casa 2646,35434
Casa 2647,65139
Casa 2648,90027
Casa 2649,69904
Casa 2650,5201
Casa 2651,13438
Casa 2652,94795
Casa 2653,92884
Casa 2654,77153
Casa 2655,16681
Casa 2656,6172
Casa 2657,70596
Casa 2658,31384
Casa 2659,65965
Casa 2660,40566
Casa 2661,20952
Casa 2662,1402
Casa 2663,85710
Casa 2664,41153
Casa 2665,31513
Casa 2666,22275
Casa 2667,52264
Casa 2668,52290
Casa 2669,58489
Casa 2670,13442
Casa 2671,56477
Casa 2672,62116
Casa 2673,95119
Casa 2674,44668
Casa 2675,93034
Casa 2676,500
Casa 2677,79203
Casa 2678,19331
Casa 2679,79994
Casa 2680,39359
Casa 2681,56230
Casa 2682,60369
Casa 2683,45896
Casa 2684,14021
Casa 2685,6146
Casa 2686,96277
Casa 2687,44601
Casa 2688,58231
Casa 2689,79718
Casa 2690,59880
Casa 2691,36555
Casa 2692,93258
Casa 2693,47776
Casa 2694,3101
Casa 2695,39850
Casa 2696,25484
Casa 2697,69487
Casa 2698,49734
Casa 2699,42682
Casa 2700,84500
Casa 2701,64325
Casa 2702,59300
Casa 2703,7128
Casa 2704,72425
Casa 2705,61722
Casa 2706,17248
Casa 2707,57502
Casa 2708,347
Casa 2709,24400
Casa 2710,4719
Casa 2711,33501
Casa 2712,60637
Casa 2713,42056
Casa 2714,48863
Casa 2715,17597
Casa 2716,24111
Casa 2717,1213
Casa 2718,83360
Casa 2719,53030
Casa 2720,91327
Casa 2721,98836
Casa 2722,63451
Casa 2723,51027
Casa 2724,27191
Casa 2725,397
Casa 2726,44131
Casa 2727,1289
Casa 2728,182
Casa 2729,53850
Casa 2730,46706
Casa 2731,48426
Casa 2732,89736
Casa 2733,20174
Casa 2734,54371
Casa 2735,93413
Casa 2736,11873
Casa 2737,23215
Casa 2738,91816
Casa 2739,50003
Casa 2740,12861
Casa 2741,60548
Casa 2742,84025
Casa 2743,79637
Casa 2744,16967
Casa 2745,97727
Casa 2746,925
Casa 2747,10520
Casa 2748,20210
Casa 2749,97801
Casa 2750,88447
Casa 2751,32827
Casa 2752,12179
Casa 2753,32748
Casa 2754,25558
Casa 2755,94612
Casa 2756,75905
Casa 2757,94447
Casa 2758,11431
Casa 2759,17959
Casa 2760,93717
Casa 2761,6366
Casa 2762,93754
Casa 2763,30847
Casa 2764,24151
Casa 2765,93739
Casa 2766,13030
Casa 2767,3761
Casa 2768,62427
Casa 2769,51616
Casa 2770,19360
Casa 2771,33312
Casa 2772,58065
Casa 2773,33017
Casa 2774,86625
Casa 2775,74106
Casa 2776,4727
Casa 2777,74143
Casa 2778,64637
Casa 2779,65897
Casa 2780,28310
Casa 2781,95245
Casa 2782,68719
Casa 2783,35329
Casa 2784,50501
Casa 2785,84124
Casa 2786,45599
Casa 2787,35722
Casa 2788,42139
Casa 2789,67209
Casa 2790,93165
Casa 2791,20235
Casa 2792,40726
Casa 2793,4954
Casa 2794,2669
Casa 2795,564
Casa 2796,52141
Casa 2797,58118
Casa 2798,4833
Casa 2799,46718
Casa 2800,51867
Casa 2801,4608
Casa 2802,59600
Casa 2803,79368
Casa 2804,79601
Casa 2805,54966
Casa 2806,91943
Casa 2807,83402
Casa 2808,18049
Casa 2809,5473
Casa 2810,52216
Casa 2811,57854
Casa 2812,71226
Casa 2813,81995
Casa 2814,11923
Casa 2815,65118
Casa 2816,68382
Casa 2817,87536
Casa 2818,31834
Casa 2819,6301
Casa 2820,78597
Casa 2821,21761
Casa 2822,41611
Casa 2823,96297
Casa 2824,41428
Casa 2825,96595
Casa 2826,95557
Casa 2827,28879
Casa 2828,40515
Casa 2829,91166
Casa 2830,49644
Casa 2831,14126
Casa 2832,63141
Casa 2833,34487
Casa 2834,78208
Casa 2835,33682
Casa 2836,98246
Casa 2837,68460
Casa 2838,14986
Casa 2839,66641
Casa 2840,85096
Casa 2841,21528
Casa 2842,95624
Casa 2843,33077
Casa 2844,43281
Casa 2845,73779
Casa 2846,14121
Casa 2847,89854
Casa 2848,27397
Casa 2849,63336
Casa 2850,29865
Casa 2851,32185
Casa 2852,77284
Casa 2853,2503
Casa 2854,84145
Casa 2855,77382
Casa 2856,49130
Casa 2857,59366
Casa 2858,56089
Casa 2859,95606
Casa 2860,24565
Casa 2861,17521
Casa 2862,87466
Casa 2863,36306
Casa 2864,93215
Casa 2865,57417
Casa 2866,27100
Casa 2867,99298
Casa 2868,45353
Casa 2869,28903
Casa 2870,6582
Casa 2871,98371
Casa 2872,74936
Casa 2873,52024
Casa 2874,59759
Casa 2875,16752
Casa 2876,41240
Casa 2877,53494
Casa 2878,55253
Casa 2879,74407
Casa 2880,15362
Casa 2881,35779
Casa 2882,45465
Casa 2883,81301
Casa 2884,93138
Casa 2885,47243
Casa 2886,33578
Casa 2887,26687
Casa 2888,33880
Casa 2889,6581
Casa 2890,50299
Casa 2891,40559
Casa 2892,18663
Casa 2893,30337
Casa 2894,28925
Casa 2895,10004
Casa 2896,37148
Casa 2897,64802
Casa 2898,5235
Casa 2899,83323
Casa 2900,86962
Casa 2901,64558
Casa 2902,69425
Casa 2903,70616
Casa 2904,94894
Casa 2905,17573
Casa 2906,95397
Casa 2907,48661
Casa 2908,53429
Casa 2909,63708
Casa 2910,87946
Casa 2911,90097
Casa 2912,70861
Casa 2913,71570
Casa 2914,86630
Casa 2915,28891
Casa 2916,34869
Casa 2917,29677
Casa 2918,60288
Casa 2919,98481
Casa 2920,3615
Casa 2921,32260
Casa 2922,93967
Casa 2923,60816
Casa 2924,92787
Casa 2925,58333
Casa 2926,4103
Casa 2927,88610
Casa 2928,82201
Casa 2929,72677
Casa 2930,33782
Casa 2931,96180
Casa 2932,19908
Casa 2933,92061
Casa 2934,30266
Casa 2935,92887
Casa 2936,22060
Casa 2937,28359
Casa 2938,7220
Casa 2939,15727
Casa 2940,65496
Casa 2941,15804
Casa 2942,67376
Casa 2943,39164
Casa 2944,29726
Casa 2945,13413
Casa 2946,81674
Casa 2947,57986
Casa 2948,22889
Casa 2949,75145
Casa 2950,2210
Casa 2951,70956
Casa 2952,84011
Casa 2953,39907
Casa 2954,57244
Casa 2955,62299
Casa 2956,67485
Casa 2957,65979
Casa 2958,68746
Casa 2959,21478
Casa 2960,94620
Casa 2961,5517
Casa 2962,73329
Casa 2963,42130
Casa 2964,23521
Casa 2965,61048
Casa 2966,42636
Casa 2967,84327
Casa 2968,7597
Casa 2969,26979
Casa 2970,61297
Casa 2971,58107
Casa 2972,25158
Casa 2973,79372
Casa 2974,3134
Casa 2975,55690
Casa 2976,64603
Casa 2977,32203
Casa 2978,15186
Casa 2979,10212
Casa 2980,63573
Casa 2981,20451
Casa 2982,20083
Casa 2983,78237
Casa 2984,35814
Casa 2985,28147
Casa 2986,21582
Casa 2987,63458
Casa 2988,57158
Casa 2989,43522
Casa 2990,75840
Casa 2991,57900
Casa 2992,22037
Casa 2993,57927
Casa 2994,69652
Casa 2995,75553
Casa 2996,46405
Casa 2997,69494
Casa 2998,31949
Casa 2999,27900
Casa 3000,11947
Casa 3001,65938
Casa 3002,56368
Casa 3003,72121
Casa 3004,74943
Casa 3005,23847
Casa 3006,7887
Casa 3007,46142
Casa 3008,15478
Casa 3009,64400
Casa 3010,40551
Casa 3011,81223
Casa 3012,13380
Casa 3013,90833
Casa 3014,52504
Casa 3015,68591
Casa 3016,55571
Casa 3017,11718
Casa 3018,21606
Casa 3019,96609
Casa 3020,76001
Casa 3021,24772
Casa 3022,11086
Casa 3023,93185
Casa 3024,75788
Casa 3025,37639
Casa 3026,86572
Casa 3027,26205
Casa 3028,28139
Casa 3029,8891
Casa 3030,95373
Casa 3031,51201
Casa 3032,10416
Casa 3033,67966
Casa 3034,19513
Casa 3035,61394
Casa 3036,53667
Casa 3037,6118
Casa 3038,33027
Casa 3039,47413
Casa 3040,6402
Casa 3041,23723
Casa 3042,29742
Casa 3043,92918